 ,Image,Nuclear.Envelope,Nucleoplasm,NE.Nuc.Ratio,Nuc.NE.Ratio,Nucleoplasmic.Area,WholeNuc.Area,Nuc.Area,BAD
1,210331_cdc5mncdc20mn_Nup60-GFP_01_31_R3D_D3D_nucleus_10_substack_frame_1,632.69,323.93,1.95,0.51,2.83,7.03,3.78,
2,210331_cdc5mncdc20mn_Nup60-GFP_01_31_R3D_D3D_nucleus_10_substack_frame_2,531.8,222.28,2.39,0.42,2.16,5.88,2.95,
3,210331_cdc5mncdc20mn_Nup60-GFP_01_31_R3D_D3D_nucleus_11_substack_frame_1,417.73,153.4,2.72,0.37,1.13,4.12,1.75,
4,210331_cdc5mncdc20mn_Nup60-GFP_01_31_R3D_D3D_nucleus_11_substack_frame_2,442.79,131.04,3.38,0.3,1.11,4.09,1.73,
5,210331_cdc5mncdc20mn_Nup60-GFP_01_31_R3D_D3D_nucleus_12_substack_frame_1,637.98,285.06,2.24,0.45,2.26,5.99,3.09,
6,210331_cdc5mncdc20mn_Nup60-GFP_01_31_R3D_D3D_nucleus_12_substack_frame_2,567.27,252.3,2.25,0.44,2.72,6.82,3.6,
7,210331_cdc5mncdc20mn_Nup60-GFP_01_31_R3D_D3D_nucleus_13_substack_frame_1,935.07,440.3,2.12,0.47,3.51,8.08,4.55,
8,210331_cdc5mncdc20mn_Nup60-GFP_01_31_R3D_D3D_nucleus_13_substack_frame_2,899.9,265.89,3.38,0.3,3.18,7.75,4.23,
9,210331_cdc5mncdc20mn_Nup60-GFP_01_31_R3D_D3D_nucleus_14_substack_frame_1,682.81,267.33,2.55,0.39,2.63,6.65,3.51,
10,210331_cdc5mncdc20mn_Nup60-GFP_01_31_R3D_D3D_nucleus_14_substack_frame_2,0,0,0,0,0,0,0,
11,210331_cdc5mncdc20mn_Nup60-GFP_01_31_R3D_D3D_nucleus_15_substack_frame_1,821.58,264.49,3.11,0.32,3.22,7.88,4.24,
12,210331_cdc5mncdc20mn_Nup60-GFP_01_31_R3D_D3D_nucleus_15_substack_frame_2,0,0,0,0,0,0,0,
13,210331_cdc5mncdc20mn_Nup60-GFP_01_31_R3D_D3D_nucleus_16_substack_frame_1,632.13,273.81,2.31,0.43,2.41,6.42,3.3,
14,210331_cdc5mncdc20mn_Nup60-GFP_01_31_R3D_D3D_nucleus_16_substack_frame_2,481.01,242.91,1.98,0.5,2.91,7.11,3.88,
15,210331_cdc5mncdc20mn_Nup60-GFP_01_31_R3D_D3D_nucleus_17_substack_frame_1,600.3,262.73,2.28,0.44,1.85,5.3,2.62,
16,210331_cdc5mncdc20mn_Nup60-GFP_01_31_R3D_D3D_nucleus_17_substack_frame_2,590.23,321.07,1.84,0.54,3.14,7.46,4.12,
17,210331_cdc5mncdc20mn_Nup60-GFP_01_31_R3D_D3D_nucleus_18_substack_frame_1,883.66,278.47,3.17,0.32,2.23,6.24,3.09,
18,210331_cdc5mncdc20mn_Nup60-GFP_01_31_R3D_D3D_nucleus_18_substack_frame_2,803.73,268.42,2.99,0.33,2.89,7.54,3.95,
19,210331_cdc5mncdc20mn_Nup60-GFP_01_31_R3D_D3D_nucleus_19_substack_frame_1,831.49,423.8,1.96,0.51,3.07,7.45,4.02,
20,210331_cdc5mncdc20mn_Nup60-GFP_01_31_R3D_D3D_nucleus_19_substack_frame_2,794.14,293.67,2.7,0.37,3.12,7.69,4.13,
21,210331_cdc5mncdc20mn_Nup60-GFP_01_31_R3D_D3D_nucleus_1_substack_frame_1,1042.65,307.08,3.4,0.29,3.11,7.68,4.12,
22,210331_cdc5mncdc20mn_Nup60-GFP_01_31_R3D_D3D_nucleus_1_substack_frame_2,685.62,264.9,2.59,0.39,2.9,7.94,4.03,
23,210331_cdc5mncdc20mn_Nup60-GFP_01_31_R3D_D3D_nucleus_20_substack_frame_1,921.62,347.52,2.65,0.38,2.98,7.37,4,
24,210331_cdc5mncdc20mn_Nup60-GFP_01_31_R3D_D3D_nucleus_20_substack_frame_2,944.66,331.51,2.85,0.35,3.87,8.81,5.01,
25,210331_cdc5mncdc20mn_Nup60-GFP_01_31_R3D_D3D_nucleus_21_substack_frame_1,947.35,358.76,2.64,0.38,2.75,6.86,3.67,
26,210331_cdc5mncdc20mn_Nup60-GFP_01_31_R3D_D3D_nucleus_21_substack_frame_2,765.8,329.02,2.33,0.43,3.47,8.14,4.51,
27,210331_cdc5mncdc20mn_Nup60-GFP_01_31_R3D_D3D_nucleus_22_substack_frame_1,643.11,332.83,1.93,0.52,2.68,6.79,3.57,
28,210331_cdc5mncdc20mn_Nup60-GFP_01_31_R3D_D3D_nucleus_22_substack_frame_2,589.63,321.05,1.84,0.54,3.28,7.85,4.29,
29,210331_cdc5mncdc20mn_Nup60-GFP_01_31_R3D_D3D_nucleus_23_substack_frame_1,397.62,180.32,2.21,0.45,1.38,4.55,2.03,
30,210331_cdc5mncdc20mn_Nup60-GFP_01_31_R3D_D3D_nucleus_23_substack_frame_2,397.77,166.78,2.39,0.42,1.42,4.69,2.12,
31,210331_cdc5mncdc20mn_Nup60-GFP_01_31_R3D_D3D_nucleus_24_substack_frame_1,655.54,284.32,2.31,0.43,2.96,7.25,3.92,
32,210331_cdc5mncdc20mn_Nup60-GFP_01_31_R3D_D3D_nucleus_24_substack_frame_2,592.07,236.58,2.5,0.4,2.46,6.47,3.33,
33,210331_cdc5mncdc20mn_Nup60-GFP_01_31_R3D_D3D_nucleus_25_substack_frame_1,516,183.48,2.81,0.36,1.57,4.84,2.32,
34,210331_cdc5mncdc20mn_Nup60-GFP_01_31_R3D_D3D_nucleus_25_substack_frame_2,483.07,231.34,2.09,0.48,2.25,6.07,3.07,
35,210331_cdc5mncdc20mn_Nup60-GFP_01_31_R3D_D3D_nucleus_2_substack_frame_1,800.41,248.88,3.22,0.31,2.56,6.94,3.54,
36,210331_cdc5mncdc20mn_Nup60-GFP_01_31_R3D_D3D_nucleus_2_substack_frame_2,673.42,280.82,2.4,0.42,2.62,7.1,3.67,
37,210331_cdc5mncdc20mn_Nup60-GFP_01_31_R3D_D3D_nucleus_3_substack_frame_1,778.69,242.41,3.21,0.31,2.34,6.17,3.18,
38,210331_cdc5mncdc20mn_Nup60-GFP_01_31_R3D_D3D_nucleus_3_substack_frame_2,0,0,0,0,0,0,0,
39,210331_cdc5mncdc20mn_Nup60-GFP_01_31_R3D_D3D_nucleus_4_substack_frame_1,1047.61,350.96,2.98,0.34,2.96,7.16,3.91,
40,210331_cdc5mncdc20mn_Nup60-GFP_01_31_R3D_D3D_nucleus_4_substack_frame_2,994.27,364.56,2.73,0.37,3.44,8.9,4.99,
41,210331_cdc5mncdc20mn_Nup60-GFP_01_31_R3D_D3D_nucleus_5_substack_frame_1,932.06,325.01,2.87,0.35,2.03,5.67,2.8,
42,210331_cdc5mncdc20mn_Nup60-GFP_01_31_R3D_D3D_nucleus_5_substack_frame_2,806.8,344.27,2.34,0.43,3.37,8.03,4.4,
43,210331_cdc5mncdc20mn_Nup60-GFP_01_31_R3D_D3D_nucleus_6_substack_frame_1,885.3,369.24,2.4,0.42,2.76,6.84,3.67,
44,210331_cdc5mncdc20mn_Nup60-GFP_01_31_R3D_D3D_nucleus_6_substack_frame_2,820.24,275.66,2.98,0.34,2.61,7.37,3.73,
45,210331_cdc5mncdc20mn_Nup60-GFP_01_31_R3D_D3D_nucleus_7_substack_frame_1,577.33,323.28,1.79,0.56,2.24,5.97,3.05,
46,210331_cdc5mncdc20mn_Nup60-GFP_01_31_R3D_D3D_nucleus_7_substack_frame_2,779.18,310.05,2.51,0.4,2.69,6.89,3.6,
47,210331_cdc5mncdc20mn_Nup60-GFP_01_31_R3D_D3D_nucleus_8_substack_frame_1,872.58,236.13,3.7,0.27,2.01,5.64,2.8,
48,210331_cdc5mncdc20mn_Nup60-GFP_01_31_R3D_D3D_nucleus_8_substack_frame_2,644.34,275.24,2.34,0.43,2.45,6.46,3.37,
49,210331_cdc5mncdc20mn_Nup60-GFP_01_31_R3D_D3D_nucleus_9_substack_frame_1,707.29,249.27,2.84,0.35,2.87,7.16,3.81,
50,210331_cdc5mncdc20mn_Nup60-GFP_01_31_R3D_D3D_nucleus_9_substack_frame_2,614.36,218.04,2.82,0.35,2.76,7.15,3.74,
51,210331_cdc5mncdc20mn_Nup60-GFP_01_32_R3D_D3D_nucleus_10_substack_frame_1,1021.21,347.26,2.94,0.34,2.63,7.17,3.67,
52,210331_cdc5mncdc20mn_Nup60-GFP_01_32_R3D_D3D_nucleus_10_substack_frame_2,745.03,294.76,2.53,0.4,3.04,7.71,4.08,
53,210331_cdc5mncdc20mn_Nup60-GFP_01_32_R3D_D3D_nucleus_11_substack_frame_1,993.74,385.42,2.58,0.39,3.08,7.46,4.05,
54,210331_cdc5mncdc20mn_Nup60-GFP_01_32_R3D_D3D_nucleus_11_substack_frame_2,934.8,285.79,3.27,0.31,3.1,7.92,4.17,
55,210331_cdc5mncdc20mn_Nup60-GFP_01_32_R3D_D3D_nucleus_12_substack_frame_1,493.44,245.24,2.01,0.5,1.29,4.28,1.92,
56,210331_cdc5mncdc20mn_Nup60-GFP_01_32_R3D_D3D_nucleus_12_substack_frame_2,384.97,200.55,1.92,0.52,1.15,4.14,1.76,
57,210331_cdc5mncdc20mn_Nup60-GFP_01_32_R3D_D3D_nucleus_13_substack_frame_1,632.21,269.94,2.34,0.43,1.96,5.5,2.75,
58,210331_cdc5mncdc20mn_Nup60-GFP_01_32_R3D_D3D_nucleus_13_substack_frame_2,0,0,0,0,0,0,0,
59,210331_cdc5mncdc20mn_Nup60-GFP_01_32_R3D_D3D_nucleus_14_substack_frame_1,508.02,162.81,3.12,0.32,1.05,3.85,1.63,
60,210331_cdc5mncdc20mn_Nup60-GFP_01_32_R3D_D3D_nucleus_14_substack_frame_2,464.81,186.04,2.5,0.4,1.27,4.26,1.88,
61,210331_cdc5mncdc20mn_Nup60-GFP_01_32_R3D_D3D_nucleus_15_substack_frame_1,732.54,224.25,3.27,0.31,1.81,5.41,2.62,
62,210331_cdc5mncdc20mn_Nup60-GFP_01_32_R3D_D3D_nucleus_15_substack_frame_2,782.58,268.32,2.92,0.34,3.29,7.86,4.31,
63,210331_cdc5mncdc20mn_Nup60-GFP_01_32_R3D_D3D_nucleus_16_substack_frame_1,875.85,262.7,3.33,0.3,2.87,7.16,3.8,
64,210331_cdc5mncdc20mn_Nup60-GFP_01_32_R3D_D3D_nucleus_16_substack_frame_2,702.36,211.32,3.32,0.3,2.24,6.25,3.1,
65,210331_cdc5mncdc20mn_Nup60-GFP_01_32_R3D_D3D_nucleus_17_substack_frame_1,870.9,333.18,2.61,0.38,3.46,8.09,4.54,
66,210331_cdc5mncdc20mn_Nup60-GFP_01_32_R3D_D3D_nucleus_17_substack_frame_2,817.22,282.1,2.9,0.35,2.68,8.21,3.99,
67,210331_cdc5mncdc20mn_Nup60-GFP_01_32_R3D_D3D_nucleus_18_substack_frame_1,943.39,329.62,2.86,0.35,3.03,7.41,4,
68,210331_cdc5mncdc20mn_Nup60-GFP_01_32_R3D_D3D_nucleus_18_substack_frame_2,823.69,222.36,3.7,0.27,2.6,6.87,3.56,
69,210331_cdc5mncdc20mn_Nup60-GFP_01_32_R3D_D3D_nucleus_19_substack_frame_1,788.79,242.57,3.25,0.31,2.22,5.95,3.01,
70,210331_cdc5mncdc20mn_Nup60-GFP_01_32_R3D_D3D_nucleus_19_substack_frame_2,620.75,195.21,3.18,0.31,2.46,6.56,3.37,
71,210331_cdc5mncdc20mn_Nup60-GFP_01_32_R3D_D3D_nucleus_1_substack_frame_1,784.75,263.16,2.98,0.34,2.18,5.91,3.03,
72,210331_cdc5mncdc20mn_Nup60-GFP_01_32_R3D_D3D_nucleus_1_substack_frame_2,766.81,316.46,2.42,0.41,3.38,7.86,4.4,
73,210331_cdc5mncdc20mn_Nup60-GFP_01_32_R3D_D3D_nucleus_20_substack_frame_1,845.25,391.58,2.16,0.46,4.19,9.13,5.28,
74,210331_cdc5mncdc20mn_Nup60-GFP_01_32_R3D_D3D_nucleus_20_substack_frame_2,643.15,284.18,2.26,0.44,3.04,7.57,4.1,
75,210331_cdc5mncdc20mn_Nup60-GFP_01_32_R3D_D3D_nucleus_21_substack_frame_1,896.23,414.03,2.16,0.46,2.81,6.82,3.71,
76,210331_cdc5mncdc20mn_Nup60-GFP_01_32_R3D_D3D_nucleus_21_substack_frame_2,836.95,374.26,2.24,0.45,3.56,8.13,4.59,
77,210331_cdc5mncdc20mn_Nup60-GFP_01_32_R3D_D3D_nucleus_22_substack_frame_1,0,0,0,0,0,0,0,
78,210331_cdc5mncdc20mn_Nup60-GFP_01_32_R3D_D3D_nucleus_22_substack_frame_2,0,0,0,0,0,0,0,
79,210331_cdc5mncdc20mn_Nup60-GFP_01_32_R3D_D3D_nucleus_23_substack_frame_1,676.58,167.28,4.04,0.25,1.31,4.48,1.96,
80,210331_cdc5mncdc20mn_Nup60-GFP_01_32_R3D_D3D_nucleus_23_substack_frame_2,617.87,244.78,2.52,0.4,2.66,6.86,3.59,
81,210331_cdc5mncdc20mn_Nup60-GFP_01_32_R3D_D3D_nucleus_24_substack_frame_1,651.4,288.19,2.26,0.44,2.54,6.55,3.4,
82,210331_cdc5mncdc20mn_Nup60-GFP_01_32_R3D_D3D_nucleus_24_substack_frame_2,544.81,211.27,2.58,0.39,2.79,7.36,3.82,
83,210331_cdc5mncdc20mn_Nup60-GFP_01_32_R3D_D3D_nucleus_25_substack_frame_1,555.19,254.58,2.18,0.46,1.71,5.07,2.45,
84,210331_cdc5mncdc20mn_Nup60-GFP_01_32_R3D_D3D_nucleus_25_substack_frame_2,525.64,152.12,3.46,0.29,1.99,5.91,2.83,
85,210331_cdc5mncdc20mn_Nup60-GFP_01_32_R3D_D3D_nucleus_26_substack_frame_1,1000.35,358.83,2.79,0.36,3,7.29,3.98,
86,210331_cdc5mncdc20mn_Nup60-GFP_01_32_R3D_D3D_nucleus_26_substack_frame_2,716.25,221.07,3.24,0.31,2.61,6.81,3.56,
87,210331_cdc5mncdc20mn_Nup60-GFP_01_32_R3D_D3D_nucleus_27_substack_frame_1,1224.63,485.15,2.52,0.4,3.17,7.46,4.14,
88,210331_cdc5mncdc20mn_Nup60-GFP_01_32_R3D_D3D_nucleus_27_substack_frame_2,1011.34,338.33,2.99,0.33,2.62,6.9,3.67,
89,210331_cdc5mncdc20mn_Nup60-GFP_01_32_R3D_D3D_nucleus_28_substack_frame_1,717.4,295.53,2.43,0.41,2.83,7.03,3.77,
90,210331_cdc5mncdc20mn_Nup60-GFP_01_32_R3D_D3D_nucleus_28_substack_frame_2,643.65,315.97,2.04,0.49,3.22,7.79,4.26,
91,210331_cdc5mncdc20mn_Nup60-GFP_01_32_R3D_D3D_nucleus_29_substack_frame_1,801.17,280,2.86,0.35,2.3,6.03,3.16,
92,210331_cdc5mncdc20mn_Nup60-GFP_01_32_R3D_D3D_nucleus_29_substack_frame_2,609.02,229.23,2.66,0.38,2.37,6.53,3.32,
93,210331_cdc5mncdc20mn_Nup60-GFP_01_32_R3D_D3D_nucleus_2_substack_frame_1,997.66,359.49,2.78,0.36,3.51,8.08,4.56,
94,210331_cdc5mncdc20mn_Nup60-GFP_01_32_R3D_D3D_nucleus_2_substack_frame_2,611.44,249.26,2.45,0.41,3.05,7.74,4.3,
95,210331_cdc5mncdc20mn_Nup60-GFP_01_32_R3D_D3D_nucleus_30_substack_frame_1,685.79,205.75,3.33,0.3,2.11,5.84,2.95,
96,210331_cdc5mncdc20mn_Nup60-GFP_01_32_R3D_D3D_nucleus_30_substack_frame_2,592.9,255.38,2.32,0.43,2.53,6.54,3.42,
97,210331_cdc5mncdc20mn_Nup60-GFP_01_32_R3D_D3D_nucleus_31_substack_frame_1,805.39,244.94,3.29,0.3,2.01,5.74,2.82,
98,210331_cdc5mncdc20mn_Nup60-GFP_01_32_R3D_D3D_nucleus_31_substack_frame_2,694.57,255.51,2.72,0.37,2.16,6.26,3.04,
99,210331_cdc5mncdc20mn_Nup60-GFP_01_32_R3D_D3D_nucleus_32_substack_frame_1,704.54,208.36,3.38,0.3,1.59,4.94,2.31,
100,210331_cdc5mncdc20mn_Nup60-GFP_01_32_R3D_D3D_nucleus_32_substack_frame_2,0,0,0,0,0,0,0,
101,210331_cdc5mncdc20mn_Nup60-GFP_01_32_R3D_D3D_nucleus_33_substack_frame_1,713.02,316.78,2.25,0.44,3.05,7.25,4,
102,210331_cdc5mncdc20mn_Nup60-GFP_01_32_R3D_D3D_nucleus_33_substack_frame_2,662.26,254.65,2.6,0.38,2.98,7.55,4,
103,210331_cdc5mncdc20mn_Nup60-GFP_01_32_R3D_D3D_nucleus_34_substack_frame_1,530.86,218.33,2.43,0.41,1.32,4.4,1.97,
104,210331_cdc5mncdc20mn_Nup60-GFP_01_32_R3D_D3D_nucleus_34_substack_frame_2,612.78,228.85,2.68,0.37,1.61,4.97,2.33,
105,210331_cdc5mncdc20mn_Nup60-GFP_01_32_R3D_D3D_nucleus_3_substack_frame_1,897.34,404.84,2.22,0.45,3.11,7.31,4.06,
106,210331_cdc5mncdc20mn_Nup60-GFP_01_32_R3D_D3D_nucleus_3_substack_frame_2,800.09,265.75,3.01,0.33,2.91,8.02,4.09,
107,210331_cdc5mncdc20mn_Nup60-GFP_01_32_R3D_D3D_nucleus_4_substack_frame_1,831.43,381.84,2.18,0.46,2.97,7.17,3.88,
108,210331_cdc5mncdc20mn_Nup60-GFP_01_32_R3D_D3D_nucleus_4_substack_frame_2,0,0,0,0,0,0,0,
109,210331_cdc5mncdc20mn_Nup60-GFP_01_32_R3D_D3D_nucleus_5_substack_frame_1,847.87,337.81,2.51,0.4,2.97,7.26,3.94,
110,210331_cdc5mncdc20mn_Nup60-GFP_01_32_R3D_D3D_nucleus_5_substack_frame_2,641.88,280.51,2.29,0.44,2.68,6.97,3.65,
111,210331_cdc5mncdc20mn_Nup60-GFP_01_32_R3D_D3D_nucleus_6_substack_frame_1,958.66,339.67,2.82,0.35,3.98,8.8,5.06,
112,210331_cdc5mncdc20mn_Nup60-GFP_01_32_R3D_D3D_nucleus_6_substack_frame_2,695.69,407.7,1.71,0.59,3.81,9.3,5.09,
113,210331_cdc5mncdc20mn_Nup60-GFP_01_32_R3D_D3D_nucleus_7_substack_frame_1,1032.58,414.43,2.49,0.4,4.37,9.32,5.48,
114,210331_cdc5mncdc20mn_Nup60-GFP_01_32_R3D_D3D_nucleus_7_substack_frame_2,605.27,198.14,3.05,0.33,3.8,9.08,5.06,1
115,210331_cdc5mncdc20mn_Nup60-GFP_01_32_R3D_D3D_nucleus_8_substack_frame_1,0,0,0,0,0,0,0,
116,210331_cdc5mncdc20mn_Nup60-GFP_01_32_R3D_D3D_nucleus_8_substack_frame_2,0,0,0,0,0,0,0,
117,210331_cdc5mncdc20mn_Nup60-GFP_01_32_R3D_D3D_nucleus_9_substack_frame_1,599.54,201.82,2.97,0.34,1.2,4.28,1.83,
118,210331_cdc5mncdc20mn_Nup60-GFP_01_32_R3D_D3D_nucleus_9_substack_frame_2,537.88,155.75,3.45,0.29,1.08,4.16,1.71,
119,210331_cdc5mncdc20mn_Nup60-GFP_01_33_R3D_D3D_nucleus_10_substack_frame_1,1115.46,459.43,2.43,0.41,3.17,7.65,4.19,
120,210331_cdc5mncdc20mn_Nup60-GFP_01_33_R3D_D3D_nucleus_10_substack_frame_2,985.36,381.89,2.58,0.39,3.29,8.04,4.37,
121,210331_cdc5mncdc20mn_Nup60-GFP_01_33_R3D_D3D_nucleus_11_substack_frame_1,707.64,271.19,2.61,0.38,2.51,6.42,3.38,
122,210331_cdc5mncdc20mn_Nup60-GFP_01_33_R3D_D3D_nucleus_11_substack_frame_2,683.36,238.01,2.87,0.35,3.14,7.8,4.2,
123,210331_cdc5mncdc20mn_Nup60-GFP_01_33_R3D_D3D_nucleus_12_substack_frame_1,773.25,280.04,2.76,0.36,2.79,7.17,3.8,
124,210331_cdc5mncdc20mn_Nup60-GFP_01_33_R3D_D3D_nucleus_12_substack_frame_2,958.62,332.38,2.88,0.35,2.36,6.65,3.36,
125,210331_cdc5mncdc20mn_Nup60-GFP_01_33_R3D_D3D_nucleus_13_substack_frame_1,865.51,356.87,2.43,0.41,3.29,7.76,4.3,
126,210331_cdc5mncdc20mn_Nup60-GFP_01_33_R3D_D3D_nucleus_13_substack_frame_2,865.52,384.86,2.25,0.44,3.35,8.1,4.47,
127,210331_cdc5mncdc20mn_Nup60-GFP_01_33_R3D_D3D_nucleus_14_substack_frame_1,526.78,263.15,2,0.5,1.76,5.3,2.51,
128,210331_cdc5mncdc20mn_Nup60-GFP_01_33_R3D_D3D_nucleus_14_substack_frame_2,472.62,302.74,1.56,0.64,2.6,6.52,3.51,
129,210331_cdc5mncdc20mn_Nup60-GFP_01_33_R3D_D3D_nucleus_15_substack_frame_1,727.09,264.49,2.75,0.36,2.82,7.11,3.75,
130,210331_cdc5mncdc20mn_Nup60-GFP_01_33_R3D_D3D_nucleus_15_substack_frame_2,545.23,206.42,2.64,0.38,2.3,6.4,3.23,
131,210331_cdc5mncdc20mn_Nup60-GFP_01_33_R3D_D3D_nucleus_16_substack_frame_1,823.09,285.09,2.89,0.35,2.6,6.8,3.53,
132,210331_cdc5mncdc20mn_Nup60-GFP_01_33_R3D_D3D_nucleus_16_substack_frame_2,700.51,350.6,2,0.5,3.17,7.74,4.2,
133,210331_cdc5mncdc20mn_Nup60-GFP_01_33_R3D_D3D_nucleus_17_substack_frame_1,748.97,228.17,3.28,0.3,2.15,6.04,3.03,
134,210331_cdc5mncdc20mn_Nup60-GFP_01_33_R3D_D3D_nucleus_17_substack_frame_2,880.38,284.73,3.09,0.32,2.56,6.67,3.46,
135,210331_cdc5mncdc20mn_Nup60-GFP_01_33_R3D_D3D_nucleus_18_substack_frame_1,907.16,320.93,2.83,0.35,3.07,7.36,4.02,
136,210331_cdc5mncdc20mn_Nup60-GFP_01_33_R3D_D3D_nucleus_18_substack_frame_2,755.05,287.12,2.63,0.38,2.75,6.86,3.67,
137,210331_cdc5mncdc20mn_Nup60-GFP_01_33_R3D_D3D_nucleus_19_substack_frame_1,677.7,222.04,3.05,0.33,1.89,5.34,2.65,
138,210331_cdc5mncdc20mn_Nup60-GFP_01_33_R3D_D3D_nucleus_19_substack_frame_2,622.63,266.18,2.34,0.43,2.59,6.51,3.47,
139,210331_cdc5mncdc20mn_Nup60-GFP_01_33_R3D_D3D_nucleus_1_substack_frame_1,1011.92,390.74,2.59,0.39,2.22,5.95,3.05,
140,210331_cdc5mncdc20mn_Nup60-GFP_01_33_R3D_D3D_nucleus_1_substack_frame_2,882.25,295.16,2.99,0.33,2.45,6.46,3.33,
141,210331_cdc5mncdc20mn_Nup60-GFP_01_33_R3D_D3D_nucleus_20_substack_frame_1,790.88,306.55,2.58,0.39,2.67,6.77,3.56,
142,210331_cdc5mncdc20mn_Nup60-GFP_01_33_R3D_D3D_nucleus_20_substack_frame_2,699.92,269.08,2.6,0.38,3.67,8.69,4.84,
143,210331_cdc5mncdc20mn_Nup60-GFP_01_33_R3D_D3D_nucleus_21_substack_frame_1,803.83,291.17,2.76,0.36,1.96,5.5,2.76,
144,210331_cdc5mncdc20mn_Nup60-GFP_01_33_R3D_D3D_nucleus_21_substack_frame_2,712.19,294.01,2.42,0.41,2.9,7.19,3.84,
145,210331_cdc5mncdc20mn_Nup60-GFP_01_33_R3D_D3D_nucleus_22_substack_frame_1,937.03,291.87,3.21,0.31,2.55,6.56,3.42,
146,210331_cdc5mncdc20mn_Nup60-GFP_01_33_R3D_D3D_nucleus_22_substack_frame_2,750.64,316.4,2.37,0.42,2.87,7.34,3.87,
147,210331_cdc5mncdc20mn_Nup60-GFP_01_33_R3D_D3D_nucleus_23_substack_frame_1,743.63,309.37,2.4,0.42,2.36,6.27,3.22,
148,210331_cdc5mncdc20mn_Nup60-GFP_01_33_R3D_D3D_nucleus_23_substack_frame_2,640.9,307.94,2.08,0.48,2.95,7.39,3.96,
149,210331_cdc5mncdc20mn_Nup60-GFP_01_33_R3D_D3D_nucleus_24_substack_frame_1,861.27,342.61,2.51,0.4,2.86,7.24,3.82,
150,210331_cdc5mncdc20mn_Nup60-GFP_01_33_R3D_D3D_nucleus_24_substack_frame_2,645.54,315.99,2.04,0.49,3.15,7.62,4.13,
151,210331_cdc5mncdc20mn_Nup60-GFP_01_33_R3D_D3D_nucleus_25_substack_frame_1,806.65,339.44,2.38,0.42,2.84,7.14,3.84,
152,210331_cdc5mncdc20mn_Nup60-GFP_01_33_R3D_D3D_nucleus_25_substack_frame_2,773.66,275.62,2.81,0.36,3.11,7.68,4.14,
153,210331_cdc5mncdc20mn_Nup60-GFP_01_33_R3D_D3D_nucleus_26_substack_frame_1,822.47,337.35,2.44,0.41,2.74,6.84,3.64,
154,210331_cdc5mncdc20mn_Nup60-GFP_01_33_R3D_D3D_nucleus_26_substack_frame_2,617.31,238.44,2.59,0.39,2.54,7.11,3.57,
155,210331_cdc5mncdc20mn_Nup60-GFP_01_33_R3D_D3D_nucleus_27_substack_frame_1,584.5,225,2.6,0.38,1.96,5.6,2.73,
156,210331_cdc5mncdc20mn_Nup60-GFP_01_33_R3D_D3D_nucleus_27_substack_frame_2,569.65,249.55,2.28,0.44,2.45,6.37,3.29,
157,210331_cdc5mncdc20mn_Nup60-GFP_01_33_R3D_D3D_nucleus_28_substack_frame_1,959.76,331.06,2.9,0.34,2.62,6.73,3.53,
158,210331_cdc5mncdc20mn_Nup60-GFP_01_33_R3D_D3D_nucleus_28_substack_frame_2,728,281.54,2.59,0.39,2.98,7.55,4.02,
159,210331_cdc5mncdc20mn_Nup60-GFP_01_33_R3D_D3D_nucleus_29_substack_frame_1,825.87,310.46,2.66,0.38,2.17,5.9,3.01,
160,210331_cdc5mncdc20mn_Nup60-GFP_01_33_R3D_D3D_nucleus_29_substack_frame_2,677.19,276.59,2.45,0.41,3.18,7.47,4.14,
161,210331_cdc5mncdc20mn_Nup60-GFP_01_33_R3D_D3D_nucleus_30_substack_frame_1,987.31,350.5,2.82,0.36,2.39,6.4,3.29,
162,210331_cdc5mncdc20mn_Nup60-GFP_01_33_R3D_D3D_nucleus_30_substack_frame_2,873.17,409.17,2.13,0.47,2.94,7.14,3.87,
163,210331_cdc5mncdc20mn_Nup60-GFP_01_33_R3D_D3D_nucleus_31_substack_frame_1,1041.99,297.46,3.5,0.29,2.83,7.31,3.88,
164,210331_cdc5mncdc20mn_Nup60-GFP_01_33_R3D_D3D_nucleus_31_substack_frame_2,767.35,268.81,2.85,0.35,3,7.69,4.07,
165,210331_cdc5mncdc20mn_Nup60-GFP_01_33_R3D_D3D_nucleus_32_substack_frame_1,836.45,306.15,2.73,0.37,2.74,6.56,3.64,
166,210331_cdc5mncdc20mn_Nup60-GFP_01_33_R3D_D3D_nucleus_32_substack_frame_2,751.37,328.57,2.29,0.44,3.29,8.5,4.47,
167,210331_cdc5mncdc20mn_Nup60-GFP_01_33_R3D_D3D_nucleus_33_substack_frame_1,639.95,202.49,3.16,0.32,2.04,5.68,2.88,
168,210331_cdc5mncdc20mn_Nup60-GFP_01_33_R3D_D3D_nucleus_33_substack_frame_2,568.16,241.48,2.35,0.43,2.96,7.44,3.94,
169,210331_cdc5mncdc20mn_Nup60-GFP_01_33_R3D_D3D_nucleus_3_substack_frame_1,952.92,296.52,3.21,0.31,1.83,5.28,2.56,
170,210331_cdc5mncdc20mn_Nup60-GFP_01_33_R3D_D3D_nucleus_3_substack_frame_2,0,0,0,0,0,0,0,
171,210331_cdc5mncdc20mn_Nup60-GFP_01_33_R3D_D3D_nucleus_4_substack_frame_1,790.57,287.1,2.75,0.36,2.47,6.39,3.33,
172,210331_cdc5mncdc20mn_Nup60-GFP_01_33_R3D_D3D_nucleus_4_substack_frame_2,593.74,168.27,3.53,0.28,2.03,5.95,2.87,
173,210331_cdc5mncdc20mn_Nup60-GFP_01_33_R3D_D3D_nucleus_5_substack_frame_1,457.67,194.24,2.36,0.42,1.22,4.3,1.85,
174,210331_cdc5mncdc20mn_Nup60-GFP_01_33_R3D_D3D_nucleus_5_substack_frame_2,410.84,120.54,3.41,0.29,1.05,3.94,1.63,
175,210331_cdc5mncdc20mn_Nup60-GFP_01_33_R3D_D3D_nucleus_6_substack_frame_1,543.65,184.12,2.95,0.34,1.55,4.82,2.25,
176,210331_cdc5mncdc20mn_Nup60-GFP_01_33_R3D_D3D_nucleus_6_substack_frame_2,611.59,214.53,2.85,0.35,2.46,6.53,3.37,
177,210331_cdc5mncdc20mn_Nup60-GFP_01_33_R3D_D3D_nucleus_7_substack_frame_1,685.97,272.5,2.52,0.4,2.54,6.61,3.44,
178,210331_cdc5mncdc20mn_Nup60-GFP_01_33_R3D_D3D_nucleus_7_substack_frame_2,692.75,303.93,2.28,0.44,3.02,7.59,4.12,
179,210331_cdc5mncdc20mn_Nup60-GFP_01_33_R3D_D3D_nucleus_8_substack_frame_1,962.58,299.01,3.22,0.31,1.89,5.43,2.66,
180,210331_cdc5mncdc20mn_Nup60-GFP_01_33_R3D_D3D_nucleus_8_substack_frame_2,911.36,342.12,2.66,0.38,2.89,7.37,3.88,
181,210331_cdc5mncdc20mn_Nup60-GFP_01_33_R3D_D3D_nucleus_9_substack_frame_1,621.89,191.77,3.24,0.31,1.11,4.09,1.71,
182,210331_cdc5mncdc20mn_Nup60-GFP_01_33_R3D_D3D_nucleus_9_substack_frame_2,573.56,220.15,2.61,0.38,1.5,4.58,2.13,
183,210331_cdc5mncdc20mn_Nup60-GFP_01_34_R3D_D3D_nucleus_10_substack_frame_1,610.34,150.34,4.06,0.25,1.14,4.03,1.78,
184,210331_cdc5mncdc20mn_Nup60-GFP_01_34_R3D_D3D_nucleus_10_substack_frame_2,651.33,213.07,3.06,0.33,2.72,6.82,3.63,
185,210331_cdc5mncdc20mn_Nup60-GFP_01_34_R3D_D3D_nucleus_11_substack_frame_1,1018.82,407.98,2.5,0.4,3.24,7.62,4.2,
186,210331_cdc5mncdc20mn_Nup60-GFP_01_34_R3D_D3D_nucleus_11_substack_frame_2,1018.6,292.51,3.48,0.29,2.63,7.02,3.59,
187,210331_cdc5mncdc20mn_Nup60-GFP_01_34_R3D_D3D_nucleus_12_substack_frame_1,510.79,179.11,2.85,0.35,3.45,8.39,4.58,
188,210331_cdc5mncdc20mn_Nup60-GFP_01_34_R3D_D3D_nucleus_12_substack_frame_2,0,0,0,0,0,0,0,
189,210331_cdc5mncdc20mn_Nup60-GFP_01_34_R3D_D3D_nucleus_13_substack_frame_1,885.77,402.61,2.2,0.45,2.87,7.07,3.78,
190,210331_cdc5mncdc20mn_Nup60-GFP_01_34_R3D_D3D_nucleus_13_substack_frame_2,707.84,248.81,2.84,0.35,2.58,6.96,3.59,
191,210331_cdc5mncdc20mn_Nup60-GFP_01_34_R3D_D3D_nucleus_14_substack_frame_1,766.16,289.27,2.65,0.38,2.39,6.31,3.24,
192,210331_cdc5mncdc20mn_Nup60-GFP_01_34_R3D_D3D_nucleus_14_substack_frame_2,669.73,311.79,2.15,0.47,2.72,6.73,3.65,
193,210331_cdc5mncdc20mn_Nup60-GFP_01_34_R3D_D3D_nucleus_15_substack_frame_1,505.62,187.27,2.7,0.37,1.33,4.5,1.98,
194,210331_cdc5mncdc20mn_Nup60-GFP_01_34_R3D_D3D_nucleus_15_substack_frame_2,563.31,236.37,2.38,0.42,2.37,6.19,3.24,
195,210331_cdc5mncdc20mn_Nup60-GFP_01_34_R3D_D3D_nucleus_16_substack_frame_1,659.29,271.37,2.43,0.41,2.11,5.84,2.91,
196,210331_cdc5mncdc20mn_Nup60-GFP_01_34_R3D_D3D_nucleus_16_substack_frame_2,623.47,271.37,2.3,0.44,3.37,7.94,4.42,
197,210331_cdc5mncdc20mn_Nup60-GFP_01_34_R3D_D3D_nucleus_17_substack_frame_1,499.9,207.59,2.41,0.42,1.39,4.47,2.02,
198,210331_cdc5mncdc20mn_Nup60-GFP_01_34_R3D_D3D_nucleus_17_substack_frame_2,444.74,206.66,2.15,0.46,1.43,4.51,2.1,
199,210331_cdc5mncdc20mn_Nup60-GFP_01_34_R3D_D3D_nucleus_18_substack_frame_1,455.43,130.81,3.48,0.29,1,3.89,1.6,
200,210331_cdc5mncdc20mn_Nup60-GFP_01_34_R3D_D3D_nucleus_18_substack_frame_2,453.65,138.94,3.27,0.31,1.32,4.4,1.96,
201,210331_cdc5mncdc20mn_Nup60-GFP_01_34_R3D_D3D_nucleus_19_substack_frame_1,510.29,267.49,1.91,0.52,1.78,5.05,2.48,
202,210331_cdc5mncdc20mn_Nup60-GFP_01_34_R3D_D3D_nucleus_19_substack_frame_2,340.43,139.68,2.44,0.41,0.97,3.95,1.59,
203,210331_cdc5mncdc20mn_Nup60-GFP_01_34_R3D_D3D_nucleus_1_substack_frame_1,788.18,301.5,2.61,0.38,2.93,7.22,3.88,
204,210331_cdc5mncdc20mn_Nup60-GFP_01_34_R3D_D3D_nucleus_1_substack_frame_2,777.57,257.66,3.02,0.33,2.77,7.16,3.75,
205,210331_cdc5mncdc20mn_Nup60-GFP_01_34_R3D_D3D_nucleus_20_substack_frame_1,657.07,283.78,2.32,0.43,2.45,6.37,3.33,
206,210331_cdc5mncdc20mn_Nup60-GFP_01_34_R3D_D3D_nucleus_20_substack_frame_2,570.13,159.16,3.58,0.28,2.03,5.67,2.82,
207,210331_cdc5mncdc20mn_Nup60-GFP_01_34_R3D_D3D_nucleus_21_substack_frame_1,716,289.17,2.48,0.4,2.58,6.68,3.46,
208,210331_cdc5mncdc20mn_Nup60-GFP_01_34_R3D_D3D_nucleus_21_substack_frame_2,639.42,268.65,2.38,0.42,3.14,7.52,4.09,
209,210331_cdc5mncdc20mn_Nup60-GFP_01_34_R3D_D3D_nucleus_2_substack_frame_1,858.62,246.23,3.49,0.29,2.06,5.7,2.83,
210,210331_cdc5mncdc20mn_Nup60-GFP_01_34_R3D_D3D_nucleus_2_substack_frame_2,682.25,246.6,2.77,0.36,2.96,7.16,3.88,
211,210331_cdc5mncdc20mn_Nup60-GFP_01_34_R3D_D3D_nucleus_3_substack_frame_1,808.82,274.71,2.94,0.34,2.25,6.07,3.09,
212,210331_cdc5mncdc20mn_Nup60-GFP_01_34_R3D_D3D_nucleus_3_substack_frame_2,749.95,263.61,2.84,0.35,2.67,6.96,3.63,
213,210331_cdc5mncdc20mn_Nup60-GFP_01_34_R3D_D3D_nucleus_4_substack_frame_1,533.77,248.14,2.15,0.46,2.39,6.4,3.25,
214,210331_cdc5mncdc20mn_Nup60-GFP_01_34_R3D_D3D_nucleus_4_substack_frame_2,510.04,250.53,2.04,0.49,2.3,6.12,3.17,
215,210331_cdc5mncdc20mn_Nup60-GFP_01_34_R3D_D3D_nucleus_5_substack_frame_1,761.94,353.9,2.15,0.46,2.74,6.75,3.65,
216,210331_cdc5mncdc20mn_Nup60-GFP_01_34_R3D_D3D_nucleus_5_substack_frame_2,617.33,218.74,2.82,0.35,2.42,6.44,3.32,
217,210331_cdc5mncdc20mn_Nup60-GFP_01_34_R3D_D3D_nucleus_6_substack_frame_1,907.48,280.4,3.24,0.31,2.05,5.78,2.88,
218,210331_cdc5mncdc20mn_Nup60-GFP_01_34_R3D_D3D_nucleus_6_substack_frame_2,676.22,253.18,2.67,0.37,3.02,7.5,4.03,
219,210331_cdc5mncdc20mn_Nup60-GFP_01_34_R3D_D3D_nucleus_7_substack_frame_1,1031.4,302.73,3.41,0.29,2.15,6.03,3.01,
220,210331_cdc5mncdc20mn_Nup60-GFP_01_34_R3D_D3D_nucleus_7_substack_frame_2,1205.91,418.64,2.88,0.35,2.75,6.94,3.7,
221,210331_cdc5mncdc20mn_Nup60-GFP_01_34_R3D_D3D_nucleus_8_substack_frame_1,928.61,179.55,5.17,0.19,2.08,5.99,2.91,
222,210331_cdc5mncdc20mn_Nup60-GFP_01_34_R3D_D3D_nucleus_8_substack_frame_2,948.1,320.2,2.96,0.34,3.03,7.6,4.08,
223,210331_cdc5mncdc20mn_Nup60-GFP_01_34_R3D_D3D_nucleus_9_substack_frame_1,1173.1,453.51,2.59,0.39,3.24,7.53,4.21,
224,210331_cdc5mncdc20mn_Nup60-GFP_01_34_R3D_D3D_nucleus_9_substack_frame_2,1144.86,315.95,3.62,0.28,3.17,7.83,4.23,
225,210331_cdc5mncdc20mn_Nup60-GFP_01_35_R3D_D3D_nucleus_10_substack_frame_1,795.92,317.78,2.5,0.4,3.12,7.69,4.19,
226,210331_cdc5mncdc20mn_Nup60-GFP_01_35_R3D_D3D_nucleus_10_substack_frame_2,579.91,231.52,2.5,0.4,2.18,6,3.05,
227,210331_cdc5mncdc20mn_Nup60-GFP_01_35_R3D_D3D_nucleus_11_substack_frame_1,979.99,404.81,2.42,0.41,3.82,8.58,4.9,
228,210331_cdc5mncdc20mn_Nup60-GFP_01_35_R3D_D3D_nucleus_11_substack_frame_2,611.86,155.72,3.93,0.25,2.34,6.35,3.22,
229,210331_cdc5mncdc20mn_Nup60-GFP_01_35_R3D_D3D_nucleus_12_substack_frame_1,674.53,324.69,2.08,0.48,2.22,5.85,3.03,
230,210331_cdc5mncdc20mn_Nup60-GFP_01_35_R3D_D3D_nucleus_12_substack_frame_2,705.59,254.87,2.77,0.36,2.69,6.95,3.63,
231,210331_cdc5mncdc20mn_Nup60-GFP_01_35_R3D_D3D_nucleus_13_substack_frame_1,990.05,354.79,2.79,0.36,3.24,7.72,4.24,
232,210331_cdc5mncdc20mn_Nup60-GFP_01_35_R3D_D3D_nucleus_13_substack_frame_2,739.47,269.16,2.75,0.36,2.63,6.93,3.59,
233,210331_cdc5mncdc20mn_Nup60-GFP_01_35_R3D_D3D_nucleus_14_substack_frame_1,727.04,312.07,2.33,0.43,1.89,5.43,2.65,
234,210331_cdc5mncdc20mn_Nup60-GFP_01_35_R3D_D3D_nucleus_14_substack_frame_2,645.92,276.97,2.33,0.43,2.8,7,3.71,
235,210331_cdc5mncdc20mn_Nup60-GFP_01_35_R3D_D3D_nucleus_15_substack_frame_1,680.29,216.99,3.14,0.32,2.06,5.79,2.88,
236,210331_cdc5mncdc20mn_Nup60-GFP_01_35_R3D_D3D_nucleus_15_substack_frame_2,577.05,280.63,2.06,0.49,3.11,7.4,4.06,
237,210331_cdc5mncdc20mn_Nup60-GFP_01_35_R3D_D3D_nucleus_16_substack_frame_1,797.12,323.34,2.47,0.41,2.23,5.86,3.01,
238,210331_cdc5mncdc20mn_Nup60-GFP_01_35_R3D_D3D_nucleus_16_substack_frame_2,727.04,218.55,3.33,0.3,2.29,6.02,3.09,
239,210331_cdc5mncdc20mn_Nup60-GFP_01_35_R3D_D3D_nucleus_17_substack_frame_1,819.26,294.65,2.78,0.36,2.53,6.54,3.44,
240,210331_cdc5mncdc20mn_Nup60-GFP_01_35_R3D_D3D_nucleus_17_substack_frame_2,693.34,231.39,3,0.33,2.29,6.58,3.22,
241,210331_cdc5mncdc20mn_Nup60-GFP_01_35_R3D_D3D_nucleus_18_substack_frame_1,798.37,211.84,3.77,0.27,1.77,5.22,2.52,
242,210331_cdc5mncdc20mn_Nup60-GFP_01_35_R3D_D3D_nucleus_18_substack_frame_2,628.5,250.57,2.51,0.4,2.91,7.02,3.85,
243,210331_cdc5mncdc20mn_Nup60-GFP_01_35_R3D_D3D_nucleus_19_substack_frame_1,493.25,233.88,2.11,0.47,1.28,4.36,1.91,
244,210331_cdc5mncdc20mn_Nup60-GFP_01_35_R3D_D3D_nucleus_19_substack_frame_2,479.46,163.8,2.93,0.34,1.27,4.35,1.91,
245,210331_cdc5mncdc20mn_Nup60-GFP_01_35_R3D_D3D_nucleus_1_substack_frame_1,669.72,237.38,2.82,0.35,1.9,5.54,2.67,
246,210331_cdc5mncdc20mn_Nup60-GFP_01_35_R3D_D3D_nucleus_1_substack_frame_2,652.26,245.1,2.66,0.38,2.32,6.42,3.23,
247,210331_cdc5mncdc20mn_Nup60-GFP_01_35_R3D_D3D_nucleus_20_substack_frame_1,899.15,311.53,2.89,0.35,2.49,6.41,3.36,
248,210331_cdc5mncdc20mn_Nup60-GFP_01_35_R3D_D3D_nucleus_20_substack_frame_2,720.06,282.08,2.55,0.39,3.43,8.24,4.55,
249,210331_cdc5mncdc20mn_Nup60-GFP_01_35_R3D_D3D_nucleus_21_substack_frame_1,500.33,217.53,2.3,0.43,1.46,4.72,2.13,
250,210331_cdc5mncdc20mn_Nup60-GFP_01_35_R3D_D3D_nucleus_21_substack_frame_2,473.62,175.63,2.7,0.37,1.45,4.62,2.1,
251,210331_cdc5mncdc20mn_Nup60-GFP_01_35_R3D_D3D_nucleus_22_substack_frame_1,683.72,219.97,3.11,0.32,1.46,4.82,2.19,
252,210331_cdc5mncdc20mn_Nup60-GFP_01_35_R3D_D3D_nucleus_22_substack_frame_2,582,196.13,2.97,0.34,2.26,5.99,3.08,
253,210331_cdc5mncdc20mn_Nup60-GFP_01_35_R3D_D3D_nucleus_23_substack_frame_1,854.94,289.96,2.95,0.34,2.66,6.67,3.57,
254,210331_cdc5mncdc20mn_Nup60-GFP_01_35_R3D_D3D_nucleus_23_substack_frame_2,0,0,0,0,0,0,0,
255,210331_cdc5mncdc20mn_Nup60-GFP_01_35_R3D_D3D_nucleus_24_substack_frame_1,661.29,277.88,2.38,0.42,3.24,7.9,4.31,
256,210331_cdc5mncdc20mn_Nup60-GFP_01_35_R3D_D3D_nucleus_24_substack_frame_2,539.18,252.47,2.14,0.47,3.19,7.95,4.29,
257,210331_cdc5mncdc20mn_Nup60-GFP_01_35_R3D_D3D_nucleus_25_substack_frame_1,591.98,285.54,2.07,0.48,2.02,5.75,2.82,
258,210331_cdc5mncdc20mn_Nup60-GFP_01_35_R3D_D3D_nucleus_25_substack_frame_2,560.51,281.67,1.99,0.5,2.83,7.31,3.87,
259,210331_cdc5mncdc20mn_Nup60-GFP_01_35_R3D_D3D_nucleus_26_substack_frame_1,565.58,236.35,2.39,0.42,2.02,5.65,2.82,
260,210331_cdc5mncdc20mn_Nup60-GFP_01_35_R3D_D3D_nucleus_26_substack_frame_2,0,0,0,0,0,0,0,
261,210331_cdc5mncdc20mn_Nup60-GFP_01_35_R3D_D3D_nucleus_27_substack_frame_1,814.92,410.44,1.99,0.5,3.46,8.03,4.51,
262,210331_cdc5mncdc20mn_Nup60-GFP_01_35_R3D_D3D_nucleus_27_substack_frame_2,0,0,0,0,0,0,0,
263,210331_cdc5mncdc20mn_Nup60-GFP_01_35_R3D_D3D_nucleus_28_substack_frame_1,781.03,339.51,2.3,0.43,2.96,7.44,3.99,
264,210331_cdc5mncdc20mn_Nup60-GFP_01_35_R3D_D3D_nucleus_28_substack_frame_2,749.14,270.56,2.77,0.36,2.69,6.89,3.63,
265,210331_cdc5mncdc20mn_Nup60-GFP_01_35_R3D_D3D_nucleus_29_substack_frame_1,838.38,347.83,2.41,0.41,3.12,7.66,4.17,
266,210331_cdc5mncdc20mn_Nup60-GFP_01_35_R3D_D3D_nucleus_29_substack_frame_2,582.21,205.16,2.84,0.35,2.56,6.95,3.56,
267,210331_cdc5mncdc20mn_Nup60-GFP_01_35_R3D_D3D_nucleus_2_substack_frame_1,715.88,281.7,2.54,0.39,2.01,5.55,2.77,
268,210331_cdc5mncdc20mn_Nup60-GFP_01_35_R3D_D3D_nucleus_2_substack_frame_2,585.37,258.39,2.27,0.44,2.62,6.63,3.5,
269,210331_cdc5mncdc20mn_Nup60-GFP_01_35_R3D_D3D_nucleus_30_substack_frame_1,931.97,276.11,3.38,0.3,2.86,7.15,3.81,
270,210331_cdc5mncdc20mn_Nup60-GFP_01_35_R3D_D3D_nucleus_30_substack_frame_2,823.83,297.13,2.77,0.36,3.53,8.17,4.58,
271,210331_cdc5mncdc20mn_Nup60-GFP_01_35_R3D_D3D_nucleus_3_substack_frame_1,1047.75,310.32,3.38,0.3,3.4,7.88,4.41,
272,210331_cdc5mncdc20mn_Nup60-GFP_01_35_R3D_D3D_nucleus_3_substack_frame_2,677.71,219.07,3.09,0.32,2.37,6.34,3.33,
273,210331_cdc5mncdc20mn_Nup60-GFP_01_35_R3D_D3D_nucleus_4_substack_frame_1,810.46,262.76,3.08,0.32,2.7,6.72,3.59,
274,210331_cdc5mncdc20mn_Nup60-GFP_01_35_R3D_D3D_nucleus_4_substack_frame_2,646.63,282.83,2.29,0.44,3.08,7.65,4.15,
275,210331_cdc5mncdc20mn_Nup60-GFP_01_35_R3D_D3D_nucleus_5_substack_frame_1,987.46,324.37,3.04,0.33,2.31,6.23,3.17,
276,210331_cdc5mncdc20mn_Nup60-GFP_01_35_R3D_D3D_nucleus_5_substack_frame_2,796.82,241.5,3.3,0.3,3.07,7.36,4.02,
277,210331_cdc5mncdc20mn_Nup60-GFP_01_35_R3D_D3D_nucleus_6_substack_frame_1,1056.08,403.6,2.62,0.38,3.14,7.43,4.07,
278,210331_cdc5mncdc20mn_Nup60-GFP_01_35_R3D_D3D_nucleus_6_substack_frame_2,986.84,403.71,2.44,0.41,3.56,8.73,5.05,
279,210331_cdc5mncdc20mn_Nup60-GFP_01_35_R3D_D3D_nucleus_7_substack_frame_1,942.83,417.62,2.26,0.44,3.12,7.69,4.13,
280,210331_cdc5mncdc20mn_Nup60-GFP_01_35_R3D_D3D_nucleus_7_substack_frame_2,695.94,249.83,2.79,0.36,2.54,6.65,3.44,
281,210331_cdc5mncdc20mn_Nup60-GFP_01_35_R3D_D3D_nucleus_8_substack_frame_1,546.01,212.01,2.58,0.39,1.24,4.22,1.87,
282,210331_cdc5mncdc20mn_Nup60-GFP_01_35_R3D_D3D_nucleus_8_substack_frame_2,466.18,228.07,2.04,0.49,1.42,4.69,2.11,
283,210331_cdc5mncdc20mn_Nup60-GFP_01_35_R3D_D3D_nucleus_9_substack_frame_1,687.75,280.91,2.45,0.41,1.94,5.57,2.73,
284,210331_cdc5mncdc20mn_Nup60-GFP_01_35_R3D_D3D_nucleus_9_substack_frame_2,661.53,294.31,2.25,0.44,2.93,7.22,3.87,
285,210331_cdc5mncdc20mn_Nup60-GFP_01_36_R3D_D3D_nucleus_10_substack_frame_1,728.99,287.17,2.54,0.39,2.36,6.18,3.19,
286,210331_cdc5mncdc20mn_Nup60-GFP_01_36_R3D_D3D_nucleus_10_substack_frame_2,612.83,305.08,2.01,0.5,3.33,8,4.41,
287,210331_cdc5mncdc20mn_Nup60-GFP_01_36_R3D_D3D_nucleus_11_substack_frame_1,861.24,380.41,2.26,0.44,3.01,7.3,3.94,
288,210331_cdc5mncdc20mn_Nup60-GFP_01_36_R3D_D3D_nucleus_11_substack_frame_2,646.32,301.44,2.14,0.47,2.86,7.37,3.87,
289,210331_cdc5mncdc20mn_Nup60-GFP_01_36_R3D_D3D_nucleus_12_substack_frame_1,524.52,208.12,2.52,0.4,1.35,4.62,2.05,
290,210331_cdc5mncdc20mn_Nup60-GFP_01_36_R3D_D3D_nucleus_12_substack_frame_2,396.3,183.69,2.16,0.46,1.11,3.91,1.71,
291,210331_cdc5mncdc20mn_Nup60-GFP_01_36_R3D_D3D_nucleus_13_substack_frame_1,579.84,269.8,2.15,0.47,1.92,5.47,2.68,
292,210331_cdc5mncdc20mn_Nup60-GFP_01_36_R3D_D3D_nucleus_13_substack_frame_2,493.78,278.78,1.77,0.56,3.23,7.71,4.23,
293,210331_cdc5mncdc20mn_Nup60-GFP_01_36_R3D_D3D_nucleus_14_substack_frame_1,690.71,214.33,3.22,0.31,1.88,5.42,2.65,
294,210331_cdc5mncdc20mn_Nup60-GFP_01_36_R3D_D3D_nucleus_14_substack_frame_2,580.44,214.88,2.7,0.37,2.29,6.02,3.1,
295,210331_cdc5mncdc20mn_Nup60-GFP_01_36_R3D_D3D_nucleus_15_substack_frame_1,852.2,367.22,2.32,0.43,3.25,7.69,4.27,
296,210331_cdc5mncdc20mn_Nup60-GFP_01_36_R3D_D3D_nucleus_15_substack_frame_2,788.07,305.36,2.58,0.39,3.65,8.59,4.78,
297,210331_cdc5mncdc20mn_Nup60-GFP_01_36_R3D_D3D_nucleus_16_substack_frame_1,910.28,254.03,3.58,0.28,2.61,6.9,3.54,
298,210331_cdc5mncdc20mn_Nup60-GFP_01_36_R3D_D3D_nucleus_16_substack_frame_2,646.17,239.39,2.7,0.37,2.7,7.09,3.7,
299,210331_cdc5mncdc20mn_Nup60-GFP_01_36_R3D_D3D_nucleus_17_substack_frame_1,462.14,189.17,2.44,0.41,1.19,4.17,1.8,
300,210331_cdc5mncdc20mn_Nup60-GFP_01_36_R3D_D3D_nucleus_17_substack_frame_2,499.94,172.36,2.9,0.34,1.48,4.65,2.13,
301,210331_cdc5mncdc20mn_Nup60-GFP_01_36_R3D_D3D_nucleus_18_substack_frame_1,648.52,245.16,2.65,0.38,2.49,6.47,3.44,
302,210331_cdc5mncdc20mn_Nup60-GFP_01_36_R3D_D3D_nucleus_18_substack_frame_2,638.45,192.54,3.32,0.3,2.67,6.87,3.58,
303,210331_cdc5mncdc20mn_Nup60-GFP_01_36_R3D_D3D_nucleus_1_substack_frame_1,902.5,341.01,2.65,0.38,3.43,8.16,4.49,
304,210331_cdc5mncdc20mn_Nup60-GFP_01_36_R3D_D3D_nucleus_1_substack_frame_2,0,0,0,0,0,0,0,
305,210331_cdc5mncdc20mn_Nup60-GFP_01_36_R3D_D3D_nucleus_2_substack_frame_1,906.3,285.26,3.18,0.31,2.86,7.31,3.86,
306,210331_cdc5mncdc20mn_Nup60-GFP_01_36_R3D_D3D_nucleus_2_substack_frame_2,756.5,247.06,3.06,0.33,2.74,7.44,3.86,
307,210331_cdc5mncdc20mn_Nup60-GFP_01_36_R3D_D3D_nucleus_3_substack_frame_1,742.42,349.73,2.12,0.47,2.52,6.53,3.38,
308,210331_cdc5mncdc20mn_Nup60-GFP_01_36_R3D_D3D_nucleus_3_substack_frame_2,692.84,307.85,2.25,0.44,2.8,7,3.72,
309,210331_cdc5mncdc20mn_Nup60-GFP_01_36_R3D_D3D_nucleus_4_substack_frame_1,690.98,175.03,3.95,0.25,1.49,4.85,2.24,
310,210331_cdc5mncdc20mn_Nup60-GFP_01_36_R3D_D3D_nucleus_4_substack_frame_2,776.32,351.81,2.21,0.45,3.91,8.76,4.98,
311,210331_cdc5mncdc20mn_Nup60-GFP_01_36_R3D_D3D_nucleus_5_substack_frame_1,530.14,231.92,2.29,0.44,1.28,4.36,1.91,
312,210331_cdc5mncdc20mn_Nup60-GFP_01_36_R3D_D3D_nucleus_5_substack_frame_2,509.69,153.77,3.31,0.3,1.12,4.01,1.71,
313,210331_cdc5mncdc20mn_Nup60-GFP_01_36_R3D_D3D_nucleus_6_substack_frame_1,536.83,217.61,2.47,0.41,1.29,4.37,1.95,
314,210331_cdc5mncdc20mn_Nup60-GFP_01_36_R3D_D3D_nucleus_6_substack_frame_2,441.09,196.21,2.25,0.44,1.36,4.44,2.01,
315,210331_cdc5mncdc20mn_Nup60-GFP_01_36_R3D_D3D_nucleus_7_substack_frame_1,574.34,352.37,1.63,0.61,2.7,6.81,3.61,
316,210331_cdc5mncdc20mn_Nup60-GFP_01_36_R3D_D3D_nucleus_7_substack_frame_2,580.92,262.71,2.21,0.45,3.54,8.21,4.58,
317,210331_cdc5mncdc20mn_Nup60-GFP_01_36_R3D_D3D_nucleus_8_substack_frame_1,623.85,245.77,2.54,0.39,1.57,4.84,2.25,
318,210331_cdc5mncdc20mn_Nup60-GFP_01_36_R3D_D3D_nucleus_8_substack_frame_2,550.6,271.52,2.03,0.49,1.8,5.25,2.53,
319,210331_cdc5mncdc20mn_Nup60-GFP_01_36_R3D_D3D_nucleus_9_substack_frame_1,885.46,342.44,2.59,0.39,2.65,6.66,3.51,
320,210331_cdc5mncdc20mn_Nup60-GFP_01_36_R3D_D3D_nucleus_9_substack_frame_2,688.66,409.85,1.68,0.6,3.68,8.44,4.78,
321,210331_cdc5mncdc20mn_Nup60-GFP_01_37_R3D_D3D_nucleus_10_substack_frame_1,0,0,0,0,0,0,0,
322,210331_cdc5mncdc20mn_Nup60-GFP_01_37_R3D_D3D_nucleus_10_substack_frame_2,0,0,0,0,0,0,0,
323,210331_cdc5mncdc20mn_Nup60-GFP_01_37_R3D_D3D_nucleus_11_substack_frame_1,524.09,95.76,5.47,0.18,0.76,3.28,1.29,
324,210331_cdc5mncdc20mn_Nup60-GFP_01_37_R3D_D3D_nucleus_11_substack_frame_2,595.09,176.44,3.37,0.3,1.22,4.21,1.87,
325,210331_cdc5mncdc20mn_Nup60-GFP_01_37_R3D_D3D_nucleus_12_substack_frame_1,765.85,176.45,4.34,0.23,1.68,5.22,2.44,
326,210331_cdc5mncdc20mn_Nup60-GFP_01_37_R3D_D3D_nucleus_12_substack_frame_2,720.04,188.72,3.82,0.26,1.88,5.89,2.76,
327,210331_cdc5mncdc20mn_Nup60-GFP_01_37_R3D_D3D_nucleus_13_substack_frame_1,847.99,270.83,3.13,0.32,2.33,6.25,3.19,
328,210331_cdc5mncdc20mn_Nup60-GFP_01_37_R3D_D3D_nucleus_13_substack_frame_2,859.57,224.87,3.82,0.26,2.68,6.88,3.64,
329,210331_cdc5mncdc20mn_Nup60-GFP_01_37_R3D_D3D_nucleus_14_substack_frame_1,455.15,225.7,2.02,0.5,1.31,4.29,1.94,
330,210331_cdc5mncdc20mn_Nup60-GFP_01_37_R3D_D3D_nucleus_14_substack_frame_2,394.61,168.77,2.34,0.43,1,3.8,1.57,
331,210331_cdc5mncdc20mn_Nup60-GFP_01_37_R3D_D3D_nucleus_15_substack_frame_1,448.91,185.63,2.42,0.41,1.24,4.13,1.82,
332,210331_cdc5mncdc20mn_Nup60-GFP_01_37_R3D_D3D_nucleus_15_substack_frame_2,511.78,152.09,3.37,0.3,1.19,4.17,1.81,
333,210331_cdc5mncdc20mn_Nup60-GFP_01_37_R3D_D3D_nucleus_16_substack_frame_1,920.61,312.89,2.94,0.34,2.67,7.45,3.8,
334,210331_cdc5mncdc20mn_Nup60-GFP_01_37_R3D_D3D_nucleus_16_substack_frame_2,657.62,264.99,2.48,0.4,2.55,7.03,3.59,
335,210331_cdc5mncdc20mn_Nup60-GFP_01_37_R3D_D3D_nucleus_17_substack_frame_1,760.3,266.47,2.85,0.35,2.37,6.28,3.21,
336,210331_cdc5mncdc20mn_Nup60-GFP_01_37_R3D_D3D_nucleus_17_substack_frame_2,641.3,234.9,2.73,0.37,2.91,7.3,3.89,
337,210331_cdc5mncdc20mn_Nup60-GFP_01_37_R3D_D3D_nucleus_1_substack_frame_1,586.99,186.74,3.14,0.32,1.87,5.32,2.62,
338,210331_cdc5mncdc20mn_Nup60-GFP_01_37_R3D_D3D_nucleus_1_substack_frame_2,587.97,228.42,2.57,0.39,2.46,6.56,3.35,
339,210331_cdc5mncdc20mn_Nup60-GFP_01_37_R3D_D3D_nucleus_2_substack_frame_1,932.27,394.63,2.36,0.42,2.93,7.12,3.86,
340,210331_cdc5mncdc20mn_Nup60-GFP_01_37_R3D_D3D_nucleus_2_substack_frame_2,1041.47,401.87,2.59,0.39,3.6,8.41,4.7,
341,210331_cdc5mncdc20mn_Nup60-GFP_01_37_R3D_D3D_nucleus_3_substack_frame_1,758.58,306.99,2.47,0.4,2.74,6.94,3.65,
342,210331_cdc5mncdc20mn_Nup60-GFP_01_37_R3D_D3D_nucleus_3_substack_frame_2,713.8,296.36,2.41,0.42,3.28,7.9,4.34,
343,210331_cdc5mncdc20mn_Nup60-GFP_01_37_R3D_D3D_nucleus_4_substack_frame_1,702.73,340.94,2.06,0.49,2.63,6.65,3.5,
344,210331_cdc5mncdc20mn_Nup60-GFP_01_37_R3D_D3D_nucleus_4_substack_frame_2,794.09,252.83,3.14,0.32,2.67,6.88,3.6,
345,210331_cdc5mncdc20mn_Nup60-GFP_01_37_R3D_D3D_nucleus_5_substack_frame_1,494.88,235.24,2.1,0.48,1.52,4.69,2.2,
346,210331_cdc5mncdc20mn_Nup60-GFP_01_37_R3D_D3D_nucleus_5_substack_frame_2,531.24,176.5,3.01,0.33,1.39,4.56,2.05,
347,210331_cdc5mncdc20mn_Nup60-GFP_01_37_R3D_D3D_nucleus_6_substack_frame_1,767.49,293.07,2.62,0.38,2.82,7.21,3.78,
348,210331_cdc5mncdc20mn_Nup60-GFP_01_37_R3D_D3D_nucleus_6_substack_frame_2,735.1,321.59,2.29,0.44,2.88,7.36,3.88,
349,210331_cdc5mncdc20mn_Nup60-GFP_01_37_R3D_D3D_nucleus_7_substack_frame_1,814.89,310.38,2.63,0.38,2.4,6.32,3.24,
350,210331_cdc5mncdc20mn_Nup60-GFP_01_37_R3D_D3D_nucleus_7_substack_frame_2,786.09,310.73,2.53,0.4,3.51,8.23,4.59,
351,210331_cdc5mncdc20mn_Nup60-GFP_01_37_R3D_D3D_nucleus_8_substack_frame_1,971.24,428.24,2.27,0.44,3.6,8.36,4.65,
352,210331_cdc5mncdc20mn_Nup60-GFP_01_37_R3D_D3D_nucleus_8_substack_frame_2,816.2,316.5,2.58,0.39,3.08,7.83,4.14,
353,210331_cdc5mncdc20mn_Nup60-GFP_01_37_R3D_D3D_nucleus_9_substack_frame_1,593.69,201.1,2.95,0.34,1.6,4.86,2.32,
354,210331_cdc5mncdc20mn_Nup60-GFP_01_37_R3D_D3D_nucleus_9_substack_frame_2,728.1,277.17,2.63,0.38,2.84,7.14,3.8,